<?xml version="1.0" encoding="UTF-8"?>
<project-private xmlns="http://www.netbeans.org/ns/project-private/1">
    <editor-bookmarks xmlns="http://www.netbeans.org/ns/editor-bookmarks/2" lastBookmarkId="0"/>
    <open-files xmlns="http://www.netbeans.org/ns/projectui-open-files/2">
        <group>
            <file>file:/C:/Users/mithr/Dropbox/School/ICS4UE%20TDSB%202020/Unit%204/Connect4CPT/src/connect4cpt/GameScreen.java</file>
            <file>file:/C:/Users/mithr/Dropbox/School/ICS4UE%20TDSB%202020/Unit%204/Connect4CPT/src/connect4cpt/OpeningScreen.java</file>
            <file>file:/C:/Users/mithr/Dropbox/School/ICS4UE%20TDSB%202020/Unit%204/Connect4CPT/src/connect4cpt/Player2Screen.java</file>
            <file>file:/C:/Users/mithr/Dropbox/School/ICS4UE%20TDSB%202020/Unit%204/Connect4CPT/src/connect4cpt/Connect4CPT.java</file>
            <file>file:/C:/Users/mithr/Dropbox/School/ICS4UE%20TDSB%202020/Unit%204/Connect4CPT/src/connect4cpt/JFrameTester.java</file>
        </group>
    </open-files>
</project-private>
